,id,name,latitude,longitude
0,370,Dartmouth St at Newbury St,42.35096144421219,-71.07782810926437
1,80,MIT Stata Center at Vassar St / Main St,42.3621312344991,-71.09115600585936
2,381,Inman Square at Springfield St.,42.37438408515815,-71.1001574621514
3,185,Third at Binney,42.365444861374,-71.0827714204788
4,221,Verizon Innovation Hub 10 Ware Street,42.37250864997261,-71.11305356025694
5,177,University Park,42.36264779118595,-71.1000609397888
6,91,One Kendall Square at Hampshire St / Portland St,42.366277,-71.09169
7,116,359 Broadway - Broadway at Fayette Street,42.370803,-71.104412
8,21,Prudential Center - 101 Huntington Ave,42.346520039984114,-71.08065776545118
10,391,Encore,42.393292632251615,-71.0724475979805
11,68,Central Square at Mass Ave / Essex St,42.36507,-71.1031
12,87,Harvard University Housing - 115 Putnam Ave at Peabody Terrace,42.366621,-71.114214
13,157,Seaport Blvd at Sleeper St,42.353178091862524,-71.04817356923377
14,335,Harvard St at Greene-Rose Heritage Park,42.36599432867437,-71.09522221614498
15,14,HMS/HSPH - Avenue Louis Pasteur at Longwood Ave,42.337417484597296,-71.10286116600038
18,380,Mass Ave at Albany St,42.36135837662249,-71.09670273977825
19,81,Chinatown T Stop,42.352409,-71.062679
21,110,Harvard University Gund Hall at Quincy St / Kirkland S,42.376369,-71.114025
22,4,Tremont St at E Berkeley St,42.345392,-71.069616
23,119,South Boston Library - 646 E Broadway,42.335741,-71.03877
24,59,Chinatown Gate Plaza,42.351356,-71.05936700000001
25,413,Kennedy-Longfellow School 158 Spring St,42.36955297756508,-71.08579014980933
26,372,Boylston St at Exeter St,42.34958942368245,-71.07946779173291
27,69,Coolidge Corner - Beacon St at Centre St,42.341598,-71.123338
28,22,South Station - 700 Atlantic Ave,42.352175,-71.055547
30,367,Vassal Lane at Tobin/VLUS,42.3839322489048,-71.13961271959852
31,6,Cambridge St at Joy St,42.361211653079856,-71.06530619789737
32,107,Ames St at Main St,42.3625,-71.08821999999999
33,272,Shawmut T Stop,42.292917,-71.06575
34,100,Davis Square,42.396969,-71.123024
35,67,MIT at Mass Ave / Amherst St,42.3581,-71.093198
40,74,Harvard Square at Mass Ave/ Dunster,42.373268,-71.118579
42,189,Kendall T,42.3624278429124,-71.08495473861693
43,361,Deerfield St at Commonwealth Ave,42.349243769553006,-71.09728209692548
44,356,Charlestown Navy Yard,42.37412454942653,-71.05481199938367
45,152,Ink Block - Harrison Ave at Herald St,42.345901,-71.063187
47,54,Tremont St at West St,42.354979,-71.063348
48,78,Union Square - Somerville,42.37967148149253,-71.0954931006745
49,405,Sydney St at Carson St,42.32039374304257,-71.05355408051764
50,203,Columbia Rd at Ceylon St,42.309572,-71.0729
51,390,Broadway at Lynde St,42.39648358247693,-71.06546759905541
52,369,Boston Public Market,42.36254854409333,-71.05737358331679
54,49,Stuart St at Charles St,42.351146,-71.066289
56,178,MIT Pacific St at Purrington St,42.359573201090434,-71.10129475593567
58,75,Lafayette Square at Mass Ave / Main St / Columbia St,42.36346469304347,-71.10057324171065
60,97,Harvard University River Houses at DeWolfe St / Cowperthwaite St,42.36919031768079,-71.11714124679565
61,176,Lesley University,42.38674802045056,-71.11901879310608
62,327,Main St at Thompson Sq,42.374878467440965,-71.0638349876717
63,98,Warren St at Chelsea St,42.371848,-71.060292
64,33,Kenmore Square,42.348706,-71.097009
65,90,Lechmere Station at Cambridge St / First St,42.370677,-71.07652900000001
70,161,W Broadway at D St,42.3391085,-71.05144320000001
71,332,Harvard Ave at Brainerd Rd,42.34953016890376,-71.13022770741735
73,114,Teele Square,42.40203828065014,-71.12653291489549
75,160,Wentworth Institute of Technology - Huntington Ave at Vancouver St,42.33758601097239,-71.09627097845076
76,12,Ruggles T Stop - Columbus Ave at Melnea Cass Blvd,42.33624444796878,-71.08798563480376
77,226,Commonwealth Ave At Babcock St,42.35154734791375,-71.12126246094705
78,346,Cleveland Circle,42.335543083570826,-71.15061519672051
79,174,Washington St at Brock St,42.34895284669511,-71.16031676530837
80,352,Ring Rd,42.34827838542626,-71.08044855314802
81,96,Cambridge Main Library at Broadway / Trowbridge St,42.373379,-71.111075
82,338,Commonwealth Ave at Kelton St,42.34835862817045,-71.13997217276847
83,409,Elm St at White St,42.38952436305763,-71.11694140364307
84,437,Berkshire Street at Cambridge Street,42.37207657915397,-71.08995433905875
85,377,Perry Park,42.3792732460084,-71.10341902831351
86,149,175 N Harvard St,42.363796,-71.129164
87,184,Sidney Research Campus/ Erie Street at Waverly,42.35775309465199,-71.10393404960631
88,16,Back Bay T Stop - Dartmouth St at Stuart St,42.34807412317439,-71.07657015323639
89,402,Washington St at Griggs Rd,42.33833423719901,-71.13050930220197
90,20,Aquarium T Stop - 200 Atlantic Ave,42.35991176110118,-71.0514298081398
91,27,Roxbury Crossing T Stop - Columbus Ave at Tremont St,42.331184,-71.095171
92,179,MIT Vassar St,42.35560121327927,-71.10394477844237
93,360,Bartlett St at John Elliot Sq,42.3294633,-71.0901582
95,404,Mass Ave T Station,42.34135615767354,-71.08336953450817
97,169,Edwards Playground - Main St at Eden St,42.378965,-71.068607
98,358,Medford St at Charlestown BCYF,42.3804294744949,-71.06055721676968
100,386,Sennott Park  Broadway at Norfolk Street,42.36860524248197,-71.09930185605663
101,19,Park Dr at Buswell St,42.347241,-71.105301
103,11,Longwood Ave at Binney St,42.338629,-71.1065
105,10,B.U. Central - 725 Comm. Ave.,42.350406,-71.10827900000001
106,159,S Huntington Ave at Heath St,42.32760387040573,-71.11089169979095
108,60,Charles Circle - Charles St at Cambridge St,42.36079296858265,-71.07118962337151
110,225,Cambridge Dept. of Public Works -147 Hampshire St.,42.37119727759414,-71.09759867191316
111,26,Washington St at Waltham St,42.3415598497246,-71.06886953115462
112,17,Soldiers Field Park - 111 Western Ave,42.36426344063853,-71.1182756971175
113,190,Nashua Street at Red Auerbach Way,42.365673,-71.064263
115,102,Powder House Circle - Nathan Tufts Park,42.400877,-71.116772
117,239,Community Path at Cedar Street,42.39407223665884,-71.11133694648744
119,66,Commonwealth Ave at Griggs St,42.34922469338298,-71.13275302578586
122,115,Porter Square Station,42.387995,-71.119084
124,39,Washington St at Rutland St,42.338514601786,-71.07404083013535
125,76,Central Sq Post Office / Cambridge City Hall at Mass Ave / Pleasant St,42.366426,-71.10549499999999
126,124,Curtis Hall - South St at Centre St,42.309054,-71.11543
127,117,Binney St / Sixth St,42.36608797388682,-71.08633603909766
128,218,Watermark Seaport - Boston Wharf Rd at Seaport Blvd,42.351586001198456,-71.04569256305693
131,214,Airport T Stop - Bremen St at Brooks St,42.37408320248276,-71.03274185079498
135,433,Centre St at Parkway YMCA,42.28277901074054,-71.15728851416861
138,58,Mugar Way at Beacon St,42.35553628489709,-71.07286870479585
142,95,Cambridge St - at Columbia St / Webster Ave,42.372969,-71.094445
144,121,W Broadway at Dorchester St,42.33595897943309,-71.04622899561036
146,24,Seaport Square - Seaport Blvd at Northern Ave,42.35148193460858,-71.04436084628105
148,407,Craigie at Summer St,42.38363402274288,-71.10855814078604
149,9,Commonwealth Ave at Agganis Way,42.35169201885972,-71.11903488636017
151,141,Kendall Street,42.36356015842989,-71.08216792345047
156,191,Tappan St at Brookline Hills MBTA,42.33209606301936,-71.12845882773401
160,282,Stony Brook T Stop,42.316966,-71.10437399999999
165,341,Roslindale Village - Washington St,42.28630716010807,-71.12820532182013
167,70,Harvard Kennedy School at Bennett St / Eliot St,42.3722168027866,-71.12188071012497
168,86,Brookline Village - Station Street at MBTA,42.33274392304887,-71.11626680949485
172,105,Lower Cambridgeport at Magazine St / Riverside Rd,42.35721850317653,-71.1138716340065
175,344,Commonwealth Ave at Chiswick Rd,42.34024644768889,-71.15168806174552
176,236,Assembly Square T,42.39223284004628,-71.07746601104736
177,197,MLK Blvd at Washington St,42.32143814183195,-71.09126061201096
179,175,Brighton Center - Washington St at Cambridge St,42.34894857235593,-71.15027189254761
180,82,Beacon St at Tappan St,42.33826680058037,-71.13894682028331
181,273,Forest Hills,42.300923,-71.114249
184,46,Christian Science Plaza - Massachusetts Ave at Westland Ave,42.3436658245146,-71.08582377433777
187,414,Discovery Park - 30 Acorn Park Drive,42.39790817368333,-71.14797130814624
191,145,Rindge Avenue - O'Neill Library,42.392766,-71.129042
192,8,Union Square - Brighton Ave at Cambridge St,42.353334,-71.137313
193,108,Harvard University / SEAS Cruft-Pierce Halls at 29 Oxford St,42.377945,-71.116865
195,415,Stuart St at Berkeley St,42.34954403114251,-71.07242073872841
197,99,Wilson Square,42.38567578752914,-71.11412136298895
203,103,JFK Crossing at Harvard St. / Thorndike St.,42.346563,-71.128374
205,139,Dana Park,42.36178043960605,-71.10809952020645
206,40,Lewis Wharf at Atlantic Ave,42.363871,-71.050877
210,279,Williams St at Washington St,42.306539,-71.107669
211,379,Tremont St at W. Dedham St,42.34254913737952,-71.07421449387857
217,442,Hyde Park Ave at Walk Hill St,42.29606704649873,-71.11601199963843
222,47,Cross St at Hanover St,42.362811,-71.056067
224,57,Massachusetts Ave at Columbus Ave,42.34054261551636,-71.08138847914233
225,329,Washington St at Myrtle St,42.3809979975628,-71.08721308428358
229,112,Clarendon Hill at Broadway,42.406302,-71.132446
241,280,Main St at Baldwin St,42.380857,-71.070629
243,213,East Boston Neighborhood Health Center - 20 Maverick Square,42.369536,-71.03943100000001
244,41,Packard's Corner - Commonwealth Ave at Brighton Ave,42.352261,-71.12383100000001
247,222,Troy Boston,42.343749,-71.062256
256,72,One Broadway / Kendall Sq at Main St / 3rd St,42.36224178650923,-71.0831107199192
257,296,Farragut Rd at E. 6th St,42.3334,-71.02495
259,403,Marion St at Harvard St,42.33978052668946,-71.12133350232398
261,365,Harrison Ave at Bennet St,42.34942609892521,-71.06209959843909
262,143,EF - North Point Park,42.369885,-71.06995699999999
264,398,75 Binney St,42.36550728505653,-71.0801375997653
265,94,Main St at Austin St,42.375603000000005,-71.06460799999999
266,101,Ball Sq,42.397822126245096,-71.1060666978301
268,187,Cypress St at Clark Playground,42.32784317478686,-71.1253622174263
271,363,Harrison Ave at Mullins Way,42.34521562115022,-71.0638403149278
276,73,Harvard Square at Brattle St / Eliot St,42.373231,-71.120886
277,206,Government Center - Cambridge St at Court St,42.35980251599553,-71.05960782626425
285,401,High St at Cypress St,42.32538435700882,-71.12177595532556
290,137,Magoun Square at Trum Field,42.398365000000005,-71.10781800000001
292,385,Albany St at E. Brookline St,42.33664795427071,-71.0689445958451
308,408,Edgerly Education Center,42.38717463348314,-71.08714388528824
322,194,Broadway St at Mt Pleasant St,42.38614141163957,-71.07828140258789
326,156,Somerville Hospital,42.39678588551017,-71.1023729667977
333,25,South End Library - Tremont St at W Newton St,42.341332,-71.076847
336,23,Boston City Hall - 28 State St,42.35892,-71.057629
337,118,Linear Park - Mass. Ave. at Cameron Ave. ,42.397828,-71.130516
339,446,700 Commonwealth Ave.,42.349609453330594,-71.10391523698127
340,334,Mass Ave at Hadley/Walden,42.39120971915856,-71.12260755160605
341,104,Harvard University Radcliffe Quadrangle at Shepard St / Garden St,42.380287,-71.125107
343,173,Savin Hill T Stop - S Sydney St at Bay St,42.3106,-71.0539
350,15,Brighton Mills - 370 Western Ave,42.3615457081725,-71.13776206970216
352,89,Harvard Law School at Mass Ave / Jarvis St,42.379011,-71.119945
366,342,Boylston St at Jersey St,42.34465062887831,-71.09732501226972
367,195,Child St at North St,42.37150494100319,-71.07249312120985
383,31,Seaport Hotel - Congress St at Seaport Ln,42.34881026188269,-71.04167744055303
404,374,Tremont St at Hamilton Pl,42.35668334969929,-71.06166645884514
407,56,Dudley Square - Bolling Building,42.32984299351809,-71.08386572459494
409,163,The Lawn on D,42.344792,-71.044024
413,209,Chelsea St at Saratoga St,42.379772,-71.02744799999999
414,364,Tremont St at Northampton St,42.33889559644165,-71.08149975611012
416,30,Brigham Circle - Francis St at Huntington Ave,42.33462893055976,-71.10407917767589
418,350,Codman Square Library,42.287361100000005,-71.071111
419,183,Alewife MBTA at Steel Place,42.39558845716709,-71.14260613918304
424,345,Park Plaza at Charles St S.,42.35182806892068,-71.06781138111728
429,445,Geiger Gibson Community Health Center,42.31886468217537,-71.04536797860419
431,79,Beacon St at Washington / Kirkland,42.37842,-71.10566800000001
438,378,191 Beacon St,42.38032335045416,-71.10878612855231
444,217,Orient Heights T Stop - Bennington St at Saratoga St,42.386781,-71.006098
451,150,State Street at Channel Center,42.344137,-71.05260799999999
477,212,Maverick Square - Lewis Mall,42.36884408289836,-71.03977829217911
480,77,Somerville City Hall,42.386844,-71.09812
482,92,University of Massachusetts Boston - Campus Center,42.312189184756114,-71.03648586203235
490,366,Broadway T Stop,42.34278116224414,-71.05747275072645
492,193,Brookline Town Hall,42.33376472623494,-71.12046446660315
501,146,Murphy Skating Rink - 1880 Day Blvd,42.336448,-71.023739
503,36,Copley Square - Dartmouth St at Boylston St,42.349928282300574,-71.07739206866427
504,142,Alewife Station at Russell Field,42.396105,-71.139459
505,71,Conway Park - Somerville Avenue,42.383405,-71.10759300000001
506,131,Jackson Square T Stop,42.32293117195949,-71.10014140605927
510,233,St Mary's,42.346197076555455,-71.10728681087494
511,42,Boylston St at Arlington St,42.35258779507021,-71.06764905172895
523,351,Faneuil St at Arlington St,42.352766205456064,-71.15988485533308
560,399,Shawmut Ave at Oak St W,42.348545434111976,-71.06559185315746
576,330,30 Dane St,42.38100143038053,-71.10402522613184
584,376,Honan Library,42.36027370454934,-71.12852452327388
591,234,Broadway at Central St,42.39517150121575,-71.09850591982195
594,331,Huntington Ave at Mass Art,42.33658555456115,-71.0988699646623
595,359,One Brigham Circle,42.33392270136997,-71.10446508982932
599,182,Museum of Science,42.36769018024484,-71.07116281986238
624,337,Roslindale Village - South St,42.287072,-71.12775400000001
641,44,Congress St at Boston City Hall,42.36041774637169,-71.05752243543975
658,371,700 Huron Ave,42.38078817291429,-71.15412890911101
677,328,Grove St at Community Path,42.396386809455,-71.12011306006025
685,318,Ames St at Broadway,42.3636929,-71.0875672
697,151,Surface Rd at India St,42.358155,-71.05216300000001
703,85,Spaulding Rehabilitation Hospital - Charlestown Navy Yard,42.378338,-71.048927
728,138,Newmarket Square T Stop - Massachusetts Ave at Newmarket Square,42.326599,-71.066498
738,84,CambridgeSide Galleria - CambridgeSide PL at Land Blvd,42.366981,-71.076472
741,51,Washington St at Lenox St,42.3350989929096,-71.07903778553009
804,181,Huron Ave At Vassal Lane,42.381650612901176,-71.13426981498378
812,200,Washington St at Melnea Cass Blvd,42.332817,-71.081198
821,419,Central Square East Boston,42.37544912547037,-71.03918548682486
824,43,Rowes Wharf at Atlantic Ave,42.357143,-71.050699
832,133,Green Street T Stop - Green St at Amory St,42.310579,-71.107341
908,111,Packard Ave at Powderhouse Blvd,42.40449,-71.123413
910,125,Hyde Square - Barbara St at Centre St,42.32176525723952,-71.10984160567114
927,400,Lansdowne T Stop,42.34734473177432,-71.10016807950159
940,136,ID Building West,42.344796,-71.031614
946,3,Colleges of the Fenway - Fenway at Avenue Louis Pasteur,42.34011512249237,-71.10061883926393
961,65,Boston Convention and Exhibition Center - Summer St at West Side Dr,42.347763454147454,-71.04535996913908
969,162,Franklin Park - Seaver St at Humbolt Ave,42.309796,-71.092225
975,180,Mt Auburn,42.37478628706384,-71.13320231437683
979,362,Columbia Rd at Tierney Community Center,42.33023070528729,-71.05060093123029
1010,29,Innovation Lab - 125 Western Ave at Batten Way,42.363732,-71.124565
1013,355,Bennington St at Constitution Beach,42.385223935870535,-71.01063068965232
1017,224,Fresh Pond Reservation,42.38267827521855,-71.143478951426
1084,232,Four Corners - 157 Washington St,42.30412792739016,-71.07929527759552
1155,228,One Memorial Drive,42.36161932076685,-71.08043550520959
1231,126,Egleston Square - Atherton St at Washington St,42.315692,-71.09863399999999
1245,37,New Balance - 20 Guest St,42.357329218677066,-71.14673539996147
1276,373,Belgrade Ave at Walworth St,42.28634589486312,-71.13672129828045
1287,192,Purchase St at Pearl St,42.354659000000005,-71.05318100000001
1341,422,American Legion Hwy at Canterbury St,42.278811581565975,-71.11687703062671
1363,144,Rogers St & Land Blvd,42.36575798214837,-71.07699394226073
1371,394,Broadway at Maple St,42.41034690976785,-71.05260457852637
1445,140,Danehy Park,42.388966,-71.132788
1517,426,Surface Rd at Summer St,42.35294569782582,-71.05656400803126
1563,440,Boston Landing,42.35656092308941,-71.14167537549292
1567,349,Washington St at Talbot Ave,42.290333,-71.07180600000001
1717,441,Sullivan Square,42.38445225635844,-71.07514854529654
1821,188,Foss Park,42.39108438146733,-71.09039425849916
1858,397,Broadway at Beacham St,42.39836059620832,-71.06373842814719
1867,171,Bunker Hill Community College,42.37408991426522,-71.06905996799469
1934,208,Oak Square - 615 Washington St,42.350570000000005,-71.16649100000001
2068,443,Whittier St Health Center,42.33286288486264,-71.09218861916816
2130,196,Roxbury YMCA - Warren St at MLK Blvd,42.31787329345602,-71.08243077993394
2155,235,East Somerville Library (Broadway and Illinois),42.3876281075134,-71.08318716287613
2274,333,699 Mt Auburn St,42.37500235137831,-71.14871613699506
2377,170,Franklin Park Zoo - Franklin Park Rd at Blue Hill Ave,42.303469,-71.085347
2456,406,Somerville City Hall Annex,42.39189811591863,-71.09745375830244
2558,215,The Eddy - New St at Sumner St,42.370744,-71.044201
2646,348,Talbot Ave At Blue Hill Ave,42.2945833,-71.087111
2765,135,ID Building East,42.344827,-71.028664
2780,7,Fan Pier,42.353390507052296,-71.04457139968872
2795,1,18 Dorrance Warehouse,42.387151,-71.075978
2831,425,The Dimock Center,42.3193094317828,-71.09639923859504
3277,93,JFK/UMass T Stop,42.320339735157226,-71.05118036270143
3832,436,Maverick St at Massport Path,42.36774122306014,-71.0333597474255
3897,202,Grove Hall Library - 41 Geneva Ave,42.30791,-71.080952
4876,388,Main Street at Carter Street,42.40413,-71.0613
5565,205,Bowdoin St at Quincy St,42.30785224238503,-71.06512248516083
5682,219,Boston East - 126 Border St,42.373312125824704,-71.0410200806291
5767,63,Dorchester Ave at Gillette Park,42.34404051001636,-71.0573762655258
6511,109,West End Park,42.36590788445085,-71.06446668505669
7430,271,Ashmont T Stop,42.2856944,-71.0641389
8660,319,84 Cambridgepark Dr,42.3936,-71.143941
10304,393,Ferry St at Pleasantview Ave,42.412504507772105,-71.05842225271772
11038,424,Jamaica St at South St,42.3060456272408,-71.11570891001975
11457,396,Main St at Beacon St,42.4093300667225,-71.06381878293179
13467,389,Everett Square (Broadway at Chelsea St),42.40725945172653,-71.05546381333625
17479,353,Mattapan Library,42.2773889,-71.09325
18751,434,Spring St at Powell St,42.277484442008216,-71.16341467955863
19384,336,Mattapan T Stop,42.267902,-71.093641
24803,201,NCAAA - Walnut Ave at Crawford St,42.316902,-71.091946
27224,395,Chelsea St at Vine St,42.403280569725325,-71.04762639859473
33362,258,Gallivan Blvd at Adams St,42.28297567840305,-71.05466698296368
47012,210,Bennington St at Byron St,42.383532520117896,-71.01619094610214
47270,432,Centre St at W. Roxbury Post Office,42.28633199112775,-71.1534475536973
53970,387,Norman St at Kelvin St,42.40985877544303,-71.06631867605756
60614,392,Glendale Square (Ferry St at Broadway),42.41427294293992,-71.04479655659816
64991,340,Blue Hill Ave at Almont St,42.27462067181224,-71.09372552493369
92210,53,Beacon St at Massachusetts Ave,42.35082680669096,-71.0898108780384
92219,412,Washington St at Peters Park,42.34303291130257,-71.06688730436872
92224,227,Silber Way,42.349495995140025,-71.10057592391969
92227,44,Congress St at North St,42.36041774637169,-71.05752243543975
92229,416,Blossom St at Charles St,42.36435589027983,-71.0695936904267
92233,52,Newbury St at Hereford St,42.348717,-71.085954
92235,55,Boylston St at Massachusetts Ave,42.347265,-71.088088
92236,21,Prudential Center - Belvedere St,42.346520039984114,-71.08065776545118
92250,400,Big Papi Station,42.34734473177432,-71.10016807950159
92252,5,Northeastern University - North Parking Lot,42.341814,-71.090179
92260,384,Clarendon St at Newbury St,42.35155308466532,-71.0756903143556
92275,113,Andrew T Stop - Dorchester Ave at Dexter St,42.33047365041517,-71.05701684951781
92280,128,E Cottage St at Columbia Rd,42.320561,-71.06198
92394,417,Columbus Ave at W. Canton St,42.34474224772802,-71.07648162175792
92404,186,Congress St at Northern Ave,42.3481,-71.03764
92405,57,Columbus Ave at Massachusetts Ave,42.34054261551636,-71.08138847914233
92458,120,Beacon St at Charles St,42.356052000000005,-71.069849
92462,56,Dudley Square - Dudley St at Warren St,42.32984299351809,-71.08386572459494
92483,61,Boylston St at Fairfield St,42.348762,-71.082383
92520,357,Centre St at Seaverns Ave,42.3121203,-71.11429809999998
92551,167,Ryan Playground - Dorchester Ave at Harbor View St,42.317642,-71.056664
92632,64,Congress St at Sleeper St,42.351004495946704,-71.04930013418199
92683,35,Arch St at Franklin St,42.35533501941256,-71.0582291708306
92800,13,Boston Medical Center - E Concord St at Harrison Ave,42.336399153724976,-71.07306711393903
92846,354,Washington St at Egremont Rd,42.3428683507196,-71.14127840855872
92853,129,Hayes Square - Vine St at Moulton St,42.377022,-71.056605
92892,106,Dudley Town Common - Mt Pleasant Ave at Blue Hill Ave,42.325333,-71.075354
92899,48,Post Office Square,42.355854355220046,-71.05459745998813
92905,134,Boylston St at Dartmouth St,42.350413,-71.07655
93002,50,Boylston St at Berkeley St,42.351141982547496,-71.07329249382019
93057,204,Walnut Ave at Warren St,42.324081,-71.083235
93108,428,Western Ave at Richardson St,42.36178741066188,-71.14393111327445
93130,411,Dorchester Ave at King St,42.291756216320906,-71.0625918023743
93191,427,Washington St at Denton Terr,42.280728147169015,-71.13423757273267
93194,66,Allston Green District - Griggs St at Commonwealth Ave,42.34922469338298,-71.13275302578586
93263,420,Charles St at Pinckney St,42.35872530462164,-71.07079532006537
93267,339,Archdale Rd at Washington St,42.29266592872725,-71.12119538714069
93542,86,Brookline Village - Station Street at MBTA,42.332998919950704,-71.11634425762531
93625,368,Blue Hill Ave at Southwood St,42.31786020589988,-71.07798628527235
94192,122,Burlington Ave at Brookline Ave,42.345733,-71.10069399999999
94688,211,Piers Park,42.3648929326648,-71.03497177362442
95312,199,Upham's Corner T Stop - Magnolia St at Dudley St,42.318697341722434,-71.06978148221971
97005,423,Mt. Hope St at Hyde Park Ave,42.28484472443536,-71.11874517062459
97077,421,Northbourne Rd at Hyde Park Ave,42.29118034790426,-71.117736660035
99087,130,Upham's Corner,42.31727474327453,-71.06537003967787
99405,343,Morton St T,42.280725142920296,-71.08617242434775
101241,260,Fields Corner T Stop,42.2996667,-71.0605833
102844,422,Cummins at American Legion,42.278811581565975,-71.11687703062671
108995,410,Adams St at Lonsdale St,42.291679428741226,-71.05726346409938
115550,431,Washington St at Fuller St,42.281986277339136,-71.07147924620222
123047,347,Thetford Ave at Norfolk St,42.286212948246096,-71.07942931372236
126078,317,BCBS Quincy,42.27600498756665,-71.03924982267927
131995,255,Park St at Norwell St,42.2944167,-71.0783056
132215,308,BCBS Hingham,42.16722555541654,-70.90555783370291
203098,438,Mobile Temporary Station,42.35147849233603,-71.044162200742
282968,396,Main St at Beacon St,42.41072713868097,-71.06266822675025
282994,156,Somerville Hospital,42.390888017213385,-71.10962569713591
283068,216,Glendon St at Condor St,42.38240377674137,-71.03024303913115
283258,407,Craigie at Summer St,42.38828872616418,-71.11071459967206
283342,101,Ball Sq,42.39915588714573,-71.11102573591778
283378,78,Union Square - Somerville,42.37965809715277,-71.09394280244487
283428,329,Washington St at Myrtle St,42.38169983163681,-71.08377588917392
283617,99,Wilson Square,42.385582,-71.113341
284172,393,Ferry St at Pleasantview Ave,42.40914877754532,-71.04597684005057
284574,392,Glendale Square (Ferry St at Broadway),42.41480160999569,-71.04772560316633
289434,214,Airport T Stop - Bremen St at Brooks St,42.37533522545788,-71.0313158484132
298115,259,Washington St at Bradlee St,42.29916497936589,-71.07345871645518
299916,387,Norman St at Kelvin St,42.40581171700586,-71.06708850720679
300225,430,Washington St at Walsh Playground,42.27719469639791,-71.06955613950049
308653,435,Central Ave at River St,42.27094707029229,-71.07337901405117
373432,438,Mobile Temporary Station,42.34397624831833,-71.08598473086202
588479,26,Washington St at Waltham St,42.341522,-71.068922
588485,60,Charles Circle - Charles St at Cambridge St,42.36018499796464,-71.07086597688976
588587,42,Boylston St at Arlington St,42.35205477322055,-71.07048687257702
778397,438,Mobile Temporary Station,42.35967536371111,-71.10160055174673
951679,130,Uphams Corner,42.31727474327453,-71.06537003967787
951684,97,Harvard University River Houses at DeWolfe St / Cowperthwaite St,42.36912158206552,-71.1163867230971
951693,26,Washington St at Waltham St,42.34157471873748,-71.06890439987183
951708,386,Sennott Park Broadway at Norfolk Street,42.36860524248197,-71.09930185605663
951757,57,Massachusetts Ave at Columbus Ave,42.33949453726166,-71.08020780622608
951768,6,Cambridge St at Joy St,42.36125721646537,-71.06528744101523
951777,110,Harvard University Gund Hall at Quincy St / Kirkland St,42.376369,-71.114025
951818,156,Somerville Hospital,42.390449490184295,-71.10855950047153
951825,206,Government Center - Cambridge St at Court St,42.3598253979878,-71.05979576244863
951838,396,Wasgatt Playground,42.4093300667225,-71.06381878293179
951903,114,Teele Square,42.40231703379005,-71.12671129423688
951905,407,Craigie at Summer St,42.388305537644,-71.11067976811681
951964,137,Magoun Square at Trum Field,42.39778339961249,-71.10594004465382
952002,199,Uphams Corner T Stop - Magnolia St at Dudley St,42.318697341722434,-71.06978148221971
952017,162,Franklin Park - Seaver St at Humboldt Ave,42.309796,-71.092225
952173,329,Washington St at Myrtle St,42.38170675920826,-71.0837718658604
952196,78,Union Square - Somerville,42.379674481034215,-71.09391324240278
952373,55,Boylston St at Massachusetts Ave,42.34740620525209,-71.08678414955648
952393,42,Boylston St at Arlington St,42.35204262229711,-71.07057809829713
952399,184,Sidney Research Campus/Erie Street at Waverly,42.35775309465199,-71.10393404960631
952520,388,Main Street at Carter Street,42.40615157266351,-71.0604074504954
952525,101,Ball Sq,42.399182599302506,-71.11104454854285
953387,214,Airport T Stop - Bremen St at Brooks St,42.374079742097614,-71.03276392826956
953470,134,Boylston St at Dartmouth St FORMER,42.350413,-71.07655
953801,29,Innovation Lab - 125 Western Ave at Batten Way,42.36314498882458,-71.12298574307715
954000,260,Fields Corner T Stop,42.300664000000005,-71.060295
954654,393,Swan St. Park,42.412504507772105,-71.05842225271772
964460,387,7 Acre Park,42.41143222973408,-71.06823265090497
977171,255,Park St at Norwell St,42.29442578670662,-71.07821760713703
1199324,223,Mobile Temporary Station 2,0.0,0.0
1590057,383,MTL-ECO5.1-01,0.0,0.0
1880381,56,Dudley Square - Dudley St at Warren St,42.32854046293402,-71.08416482806204
1880409,121,W Broadway at Dorchester St,42.335693,-71.045859
1880561,48,Post Office Square - Pearl St at Milk St,42.356755,-71.05540699999999
1880612,13,Boston Medical Center - E Concord St at Harrison Ave,42.33671641210506,-71.06880776602338
1880781,117,Binney St / Sixth St,42.36616223459919,-71.08688293667002
1880967,86,Brookline Village - Pearl Street at MBTA,42.332998919950704,-71.11634425762531
1883385,92,University of Massachusetts Boston - Integrated Sciences Complex,42.313917,-71.04025
2103487,78,Union Square - Somerville,42.37959525514381,-71.09530799109052
2107800,214,Airport T Stop - Bremen St at Brooks St,42.37411261907485,-71.03277500727927
2136819,259,Washington St at Bradlee St,42.297918076221606,-71.07271846392905
2199042,384,Clarendon St at Commonwealth Ave,42.35219035145307,-71.0760041699723
2270126,36,Copley Square - Dartmouth St at Boylston St,42.3521261226759,-71.07599601185939
2270355,86,Brookline Village - Pearl Street at MBTA,42.332799,-71.11620500000001
2270587,42,Boylston St at Arlington St,42.35256693391622,-71.06770543386119
2372734,36,Copley Square - Dartmouth St at Boylston St,42.34993463611888,-71.07738554477693
2372886,109,TD Garden - West End Park,42.36590788445085,-71.06446668505669
2373533,92,University of Massachusetts Boston - Integrated Sciences Complex,42.314507,-71.041269
2452955,88,Inman Square at Vellucci Plaza / Hampshire St,42.374035,-71.101427
2452970,345,Park Plaza at Charles St,42.35182806892068,-71.06781138111728
2453356,374,Tremont St at Hamilton Place,42.35668334969929,-71.06166645884514
2453526,330,30 Dane St.,42.38100143038053,-71.10402522613184
2503052,229,8D QC Station 01,42.345033155603325,-71.09664916992188
3583948,164,Warehouse Lab PBSC,42.386454996101065,-71.07541964272968
4112828,382,MTL-ECO4-01,0.0,0.0
5025823,230,8D QC Station 02,0.0,0.0
